Cainhurst_Armor	mentions	ANNALISE
Cainhurst_Gauntlets	mentions	ANNALISE
Cainhurst_Leggings	mentions	ANNALISE
Maria_Hunter_Cap	mentions	QUEEN
Cainhurst_Armor	mentions	QUEEN
Maria_Hunter_Garb	mentions	QUEEN
Cainhurst_Gauntlets	mentions	QUEEN
Maria_Hunter_Gloves	mentions	QUEEN
Cainhurst_Leggings	mentions	QUEEN
Maria_Hunter_Trousers	mentions	QUEEN
Cainhurst_Armor	mentions	VILEBLOODS
Cainhurst_Gauntlets	mentions	VILEBLOODS
Cainhurst_Leggings	mentions	VILEBLOODS
Arianna's_Shoes	mentions	ARIANNA
Arianna's_Shoes	mentions	WOMAN
Black_Hood	mentions	NIGHT
Bradors_Testimony	mentions	NIGHT
Butcher_Mask	mentions	NIGHT
Knight's_Wig	mentions	NIGHT
Mensis_Cage	mentions	NIGHT
Old_Hunter_Cap	mentions	NIGHT
Butcher_Garb	mentions	NIGHT
Constable's_Garb	mentions	NIGHT
Decorative_Old_Hunter_Garb	mentions	NIGHT
Foreign_Garb	mentions	NIGHT
Hunter_Garb	mentions	NIGHT
Knight's_Garb	mentions	NIGHT
Yahar'gul_Black_Garb	mentions	NIGHT
Sullied_Bandage	mentions	NIGHT
Hunter_Gloves	mentions	NIGHT
Knight's_Gloves	mentions	NIGHT
Yahar'gul_Black_Gloves	mentions	NIGHT
Butcher_Gloves	mentions	NIGHT
Constable_Gloves	mentions	NIGHT
Old_Hunter_Gloves	mentions	NIGHT
Foreign_Trousers	mentions	NIGHT
Hunter_Trousers	mentions	NIGHT
Knight's_Trousers/Dress	mentions	NIGHT
Yahar'gul_Black_Trousers	mentions	NIGHT
Arianna's_Shoes	mentions	NIGHT
Butcher_Trousers	mentions	NIGHT
Constable_Trousers	mentions	NIGHT
Decorative_Old_Hunter_Trousers	mentions	NIGHT
Old_Hunter_Trousers	mentions	NIGHT
Wine_Hakama	mentions	NIGHT
Beak_Mask	mentions	BLOOD
Black_Church_Hat	mentions	BLOOD
Black_Hood	mentions	BLOOD
Black_Hooded_Iron_Helm	mentions	BLOOD
Blindfold_Cap	mentions	BLOOD
Bone_Ash_Mask	mentions	BLOOD
Bradors_Testimony	mentions	BLOOD
Butcher_Mask	mentions	BLOOD
Crown_Of_Illusions	mentions	BLOOD
Doll_Hat	mentions	BLOOD
Enlarged_Head	mentions	BLOOD
Gehrman's_Hunter_Cap	mentions	BLOOD
Gold_Ardeo	mentions	BLOOD
Graveguard_Mask	mentions	BLOOD
Grey_Wolf_Cap	mentions	BLOOD
Harrowed_Hood	mentions	BLOOD
Henryk's_Hunter_Cap	mentions	BLOOD
Hunter_Hat	mentions	BLOOD
Iron_Yahar'gul_Helm	mentions	BLOOD
Knight's_Wig	mentions	BLOOD
Madman_Hood	mentions	BLOOD
Maria_Hunter_Cap	mentions	BLOOD
Master's_Iron_Helm	mentions	BLOOD
Mensis_Cage	mentions	BLOOD
Old_Hunter_Cap	mentions	BLOOD
Tomb_Prospector_Hood	mentions	BLOOD
Top_Hat	mentions	BLOOD
White_Church_Hat	mentions	BLOOD
Yamamura_Hunter_Hat	mentions	BLOOD
Yharnam_Hunter_Cap	mentions	BLOOD
Ashen_Hunter_Garb	mentions	BLOOD
Beast_Hide_Garb	mentions	BLOOD
Black_Church_Garb	mentions	BLOOD
Butcher_Garb	mentions	BLOOD
Bone_Ash_Armor	mentions	BLOOD
Cainhurst_Armor	mentions	BLOOD
Charred_Hunter_Garb	mentions	BLOOD
Constable's_Garb	mentions	BLOOD
Crowfeather_Garb	mentions	BLOOD
Decorative_Old_Hunter_Garb	mentions	BLOOD
Foreign_Garb	mentions	BLOOD
Hunter_Garb	mentions	BLOOD
Knight's_Garb	mentions	BLOOD
Noble_Dress	mentions	BLOOD
White_Church_Garb	mentions	BLOOD
Yharnam_Hunter_Garb	mentions	BLOOD
Ashen_Hunter_Gloves	mentions	BLOOD
Cainhurst_Gauntlets	mentions	BLOOD
Charred_Hunter_Gloves	mentions	BLOOD
Crowfeather_Manchettes	mentions	BLOOD
Sullied_Bandage	mentions	BLOOD
Knight's_Gloves	mentions	BLOOD
Tomb_Prospector_Gloves	mentions	BLOOD
Bloodied_Arm_Bands	mentions	BLOOD
Old_Hunter_Gloves	mentions	BLOOD
Ashen_Hunter_Trousers	mentions	BLOOD
Cainhurst_Leggings	mentions	BLOOD
Charred_Hunter_Trousers	mentions	BLOOD
Crowfeather_Trousers	mentions	BLOOD
Foreign_Trousers	mentions	BLOOD
Knight's_Trousers/Dress	mentions	BLOOD
Tomb_Prospector's_Trousers	mentions	BLOOD
White_Church_Trousers/Dress	mentions	BLOOD
Yharnam_Hunter_Trousers	mentions	BLOOD
Gehrman's_Hunter_Trousers	mentions	BLOOD
Bloodied_Trousers	mentions	BLOOD
Constable_Trousers	mentions	BLOOD
Decorative_Old_Hunter_Trousers	mentions	BLOOD
Old_Hunter_Trousers	mentions	BLOOD
Arianna's_Shoes	mentions	IOSEFKA
Beak_Mask	mentions	EILEEN
Henryk's_Hunter_Cap	mentions	EILEEN
Crowfeather_Garb	mentions	EILEEN
Henryk's_Hunter_Garb	mentions	EILEEN
Crowfeather_Manchettes	mentions	EILEEN
Crowfeather_Trousers	mentions	EILEEN
Beak_Mask	mentions	CROW
Crown_Of_Illusions	mentions	CROW
Henryk's_Hunter_Cap	mentions	CROW
Crowfeather_Garb	mentions	CROW
Henryk's_Hunter_Garb	mentions	CROW
Crowfeather_Manchettes	mentions	CROW
Crowfeather_Trousers	mentions	CROW
Blindfold_Cap	mentions	OLD
Bone_Ash_Mask	mentions	OLD
Bradors_Testimony	mentions	OLD
Butcher_Mask	mentions	OLD
Crown_Of_Illusions	mentions	OLD
Doll_Hat	mentions	OLD
Enlarged_Head	mentions	OLD
Gold_Ardeo	mentions	OLD
Grey_Wolf_Cap	mentions	OLD
Harrowed_Hood	mentions	OLD
Henryk's_Hunter_Cap	mentions	OLD
Hunter_Hat	mentions	OLD
Madman_Hood	mentions	OLD
Maria_Hunter_Cap	mentions	OLD
Old_Hunter_Cap	mentions	OLD
Tomb_Prospector_Hood	mentions	OLD
Yamamura_Hunter_Hat	mentions	OLD
Ashen_Hunter_Garb	mentions	OLD
Beast_Hide_Garb	mentions	OLD
Butcher_Garb	mentions	OLD
Bone_Ash_Armor	mentions	OLD
Charred_Hunter_Garb	mentions	OLD
Constable's_Garb	mentions	OLD
Decorative_Old_Hunter_Garb	mentions	OLD
Henryk's_Hunter_Garb	mentions	OLD
Knight's_Garb	mentions	OLD
Madman_Garb	mentions	OLD
Noble_Dress	mentions	OLD
Sweaty_Clothes	mentions	OLD
Tomb_Prospector_Garb	mentions	OLD
Khaki_Haori	mentions	OLD
Ashen_Hunter_Gloves	mentions	OLD
Charred_Hunter_Gloves	mentions	OLD
Knight's_Gloves	mentions	OLD
Tomb_Prospector_Gloves	mentions	OLD
Madman_Manchettes	mentions	OLD
Henryk's_Hunter_Gloves	mentions	OLD
Butcher_Gloves	mentions	OLD
Old_Hunter_Gloves	mentions	OLD
Old_Hunter_Arm_Bands	mentions	OLD
Ashen_Hunter_Trousers	mentions	OLD
Charred_Hunter_Trousers	mentions	OLD
Knight's_Trousers/Dress	mentions	OLD
Tomb_Prospector's_Trousers	mentions	OLD
Bone_Ash_Leggings	mentions	OLD
Gehrman's_Hunter_Trousers	mentions	OLD
Doll_Skirt	mentions	OLD
Madman_Leggings	mentions	OLD
Henryk's_Hunter_Trousers	mentions	OLD
Butcher_Trousers	mentions	OLD
Decorative_Old_Hunter_Trousers	mentions	OLD
Old_Hunter_Trousers	mentions	OLD
Blindfold_Cap	mentions	WILLEM
Graveguard_Mask	mentions	WILLEM
Graveguard_Robe	mentions	WILLEM
Student_Uniform(A)	mentions	WILLEM
Choir_Gloves	mentions	WILLEM
Graveguard_Manchettes	mentions	WILLEM
Choir_Trousers	mentions	WILLEM
Graveguard_Kilt	mentions	WILLEM
Student_Trousers	mentions	WILLEM
Black_Church_Hat	mentions	MAN
Butcher_Mask	mentions	MAN
Doll_Hat	mentions	MAN
Enlarged_Head	mentions	MAN
Gehrman's_Hunter_Cap	mentions	MAN
Gold_Ardeo	mentions	MAN
Madman_Hood	mentions	MAN
Maria_Hunter_Cap	mentions	MAN
Top_Hat	mentions	MAN
Yharnam_Hunter_Cap	mentions	MAN
Black_Church_Garb	mentions	MAN
Cainhurst_Armor	mentions	MAN
Doll_Clothes	mentions	MAN
Executioner_Garb	mentions	MAN
Madman_Garb	mentions	MAN
Maria_Hunter_Garb	mentions	MAN
Yharnam_Hunter_Garb	mentions	MAN
Crowfeather_Manchettes	mentions	MAN
Executioner_Gauntlets	mentions	MAN
Graveguard_Manchettes	mentions	MAN
Madman_Manchettes	mentions	MAN
Maria_Hunter_Gloves	mentions	MAN
Black_Church_Trousers/Dress	mentions	MAN
Executioner_Trousers	mentions	MAN
Yharnam_Hunter_Trousers	mentions	MAN
Gehrman's_Hunter_Trousers	mentions	MAN
Doll_Skirt	mentions	MAN
Madman_Leggings	mentions	MAN
Arianna's_Shoes	mentions	MAN
Maria_Hunter_Trousers	mentions	MAN
Beak_Mask	mentions	HUNTER
Black_Church_Hat	mentions	HUNTER
Black_Hooded_Iron_Helm	mentions	HUNTER
Bone_Ash_Mask	mentions	HUNTER
Bradors_Testimony	mentions	HUNTER
Butcher_Mask	mentions	HUNTER
Enlarged_Head	mentions	HUNTER
Gehrman's_Hunter_Cap	mentions	HUNTER
Grey_Wolf_Cap	mentions	HUNTER
Harrowed_Hood	mentions	HUNTER
Henryk's_Hunter_Cap	mentions	HUNTER
Hunter_Hat	mentions	HUNTER
Iron_Yahar'gul_Helm	mentions	HUNTER
Maria_Hunter_Cap	mentions	HUNTER
Old_Hunter_Cap	mentions	HUNTER
Tomb_Prospector_Hood	mentions	HUNTER
Top_Hat	mentions	HUNTER
White_Church_Hat	mentions	HUNTER
Yamamura_Hunter_Hat	mentions	HUNTER
Yharnam_Hunter_Cap	mentions	HUNTER
Ashen_Hunter_Garb	mentions	HUNTER
Beast_Hide_Garb	mentions	HUNTER
Black_Church_Garb	mentions	HUNTER
Butcher_Garb	mentions	HUNTER
Charred_Hunter_Garb	mentions	HUNTER
Constable's_Garb	mentions	HUNTER
Crowfeather_Garb	mentions	HUNTER
Decorative_Old_Hunter_Garb	mentions	HUNTER
Gascoigne's_Garb	mentions	HUNTER
Harrowed_Garb	mentions	HUNTER
Henryk's_Hunter_Garb	mentions	HUNTER
Hunter_Garb	mentions	HUNTER
Maria_Hunter_Garb	mentions	HUNTER
Tomb_Prospector_Garb	mentions	HUNTER
White_Church_Garb	mentions	HUNTER
Khaki_Haori	mentions	HUNTER
Yahar'gul_Black_Garb	mentions	HUNTER
Yharnam_Hunter_Garb	mentions	HUNTER
Ashen_Hunter_Gloves	mentions	HUNTER
Charred_Hunter_Gloves	mentions	HUNTER
Crowfeather_Manchettes	mentions	HUNTER
Gascoigne's_Gloves	mentions	HUNTER
Hunter_Gloves	mentions	HUNTER
Tomb_Prospector_Gloves	mentions	HUNTER
Yahar'gul_Black_Gloves	mentions	HUNTER
Henryk's_Hunter_Gloves	mentions	HUNTER
Butcher_Gloves	mentions	HUNTER
Constable_Gloves	mentions	HUNTER
Harrowed_Gloves	mentions	HUNTER
Maria_Hunter_Gloves	mentions	HUNTER
Old_Hunter_Gloves	mentions	HUNTER
Old_Hunter_Arm_Bands	mentions	HUNTER
Ashen_Hunter_Trousers	mentions	HUNTER
Black_Church_Trousers/Dress	mentions	HUNTER
Charred_Hunter_Trousers	mentions	HUNTER
Crowfeather_Trousers	mentions	HUNTER
Gascoigne's_Trousers	mentions	HUNTER
Hunter_Trousers	mentions	HUNTER
Tomb_Prospector's_Trousers	mentions	HUNTER
White_Church_Trousers/Dress	mentions	HUNTER
Yharnam_Hunter_Trousers	mentions	HUNTER
Yahar'gul_Black_Trousers	mentions	HUNTER
Gehrman's_Hunter_Trousers	mentions	HUNTER
Doll_Skirt	mentions	HUNTER
Henryk's_Hunter_Trousers	mentions	HUNTER
Butcher_Trousers	mentions	HUNTER
Constable_Trousers	mentions	HUNTER
Decorative_Old_Hunter_Trousers	mentions	HUNTER
Harrowed_Trousers	mentions	HUNTER
Maria_Hunter_Trousers	mentions	HUNTER
Old_Hunter_Trousers	mentions	HUNTER
Wine_Hakama	mentions	HUNTER
Gehrman's_Hunter_Cap	mentions	GEHRMAN
Maria_Hunter_Cap	mentions	GEHRMAN
Maria_Hunter_Garb	mentions	GEHRMAN
Maria_Hunter_Gloves	mentions	GEHRMAN
Gehrman's_Hunter_Trousers	mentions	GEHRMAN
Maria_Hunter_Trousers	mentions	GEHRMAN
Doll_Hat	mentions	DOLL
Doll_Clothes	mentions	DOLL
Doll_Skirt	mentions	DOLL
Grey_Wolf_Cap	mentions	RETIRED
Ashen_Hunter_Garb	mentions	RETIRED
Ashen_Hunter_Gloves	mentions	RETIRED
Ashen_Hunter_Trousers	mentions	RETIRED
Grey_Wolf_Cap	mentions	DJURA
Ashen_Hunter_Garb	mentions	DJURA
Ashen_Hunter_Gloves	mentions	DJURA
Charred_Hunter_Gloves	mentions	DJURA
Ashen_Hunter_Trousers	mentions	DJURA
Black_Church_Hat	mentions	HEALING
Blindfold_Cap	mentions	HEALING
Bradors_Testimony	mentions	HEALING
Madman_Hood	mentions	HEALING
Tomb_Prospector_Hood	mentions	HEALING
Yharnam_Hunter_Cap	mentions	HEALING
Black_Church_Garb	mentions	HEALING
Choir_Garb	mentions	HEALING
Gascoigne's_Garb	mentions	HEALING
Madman_Garb	mentions	HEALING
Student_Uniform(A)	mentions	HEALING
Tomb_Prospector_Garb	mentions	HEALING
Yharnam_Hunter_Garb	mentions	HEALING
Choir_Gloves	mentions	HEALING
Gascoigne's_Gloves	mentions	HEALING
Tomb_Prospector_Gloves	mentions	HEALING
Madman_Manchettes	mentions	HEALING
Black_Church_Trousers/Dress	mentions	HEALING
Choir_Trousers	mentions	HEALING
Gascoigne's_Trousers	mentions	HEALING
Student_Trousers	mentions	HEALING
Tomb_Prospector's_Trousers	mentions	HEALING
Yharnam_Hunter_Trousers	mentions	HEALING
Madman_Leggings	mentions	HEALING
Black_Church_Hat	mentions	CHURCH
Blindfold_Cap	mentions	CHURCH
Bradors_Testimony	mentions	CHURCH
Butcher_Mask	mentions	CHURCH
Harrowed_Hood	mentions	CHURCH
Madman_Hood	mentions	CHURCH
Tomb_Prospector_Hood	mentions	CHURCH
White_Church_Hat	mentions	CHURCH
Yharnam_Hunter_Cap	mentions	CHURCH
Black_Church_Garb	mentions	CHURCH
Choir_Garb	mentions	CHURCH
Executioner_Garb	mentions	CHURCH
Gascoigne's_Garb	mentions	CHURCH
Harrowed_Garb	mentions	CHURCH
Madman_Garb	mentions	CHURCH
Student_Uniform(A)	mentions	CHURCH
Tomb_Prospector_Garb	mentions	CHURCH
White_Church_Garb	mentions	CHURCH
Yharnam_Hunter_Garb	mentions	CHURCH
Surgical_Long_Gloves	mentions	CHURCH
Choir_Gloves	mentions	CHURCH
Executioner_Gauntlets	mentions	CHURCH
Gascoigne's_Gloves	mentions	CHURCH
Tomb_Prospector_Gloves	mentions	CHURCH
Madman_Manchettes	mentions	CHURCH
Harrowed_Gloves	mentions	CHURCH
Black_Church_Trousers/Dress	mentions	CHURCH
Choir_Trousers	mentions	CHURCH
Executioner_Trousers	mentions	CHURCH
Gascoigne's_Trousers	mentions	CHURCH
Student_Trousers	mentions	CHURCH
Tomb_Prospector's_Trousers	mentions	CHURCH
White_Church_Trousers/Dress	mentions	CHURCH
Yharnam_Hunter_Trousers	mentions	CHURCH
Madman_Leggings	mentions	CHURCH
Harrowed_Trousers	mentions	CHURCH
Harrowed_Hood	mentions	BEGGAR
Harrowed_Garb	mentions	BEGGAR
Harrowed_Gloves	mentions	BEGGAR
Harrowed_Trousers	mentions	BEGGAR
Master's_Iron_Helm	mentions	VALTR
Butcher_Mask	mentions	YOUNG
Cainhurst_Armor	mentions	YOUNG
Butcher_Mask	mentions	OLDER
Butcher_Garb	mentions	OLDER
Butcher_Gloves	mentions	OLDER
Butcher_Trousers	mentions	OLDER
Old_Hunter_Trousers	mentions	OLDER
Constable_Gloves	mentions	SIMON
Bradors_Testimony	mentions	HARROWED
Harrowed_Hood	mentions	HARROWED
Harrowed_Garb	mentions	HARROWED
Harrowed_Gloves	mentions	HARROWED
Harrowed_Trousers	mentions	HARROWED
Bradors_Testimony	mentions	BRADOR
Harrowed_Hood	mentions	BRADOR
Beast_Hide_Garb	mentions	BRADOR
Bloodied_Arm_Bands	mentions	BRADOR
Bloodied_Trousers	mentions	BRADOR
Beak_Mask	mentions	BEAST
Black_Hood	mentions	BEAST
Bradors_Testimony	mentions	BEAST
Gehrman's_Hunter_Cap	mentions	BEAST
Grey_Wolf_Cap	mentions	BEAST
Harrowed_Hood	mentions	BEAST
Hunter_Hat	mentions	BEAST
Knight's_Wig	mentions	BEAST
White_Church_Hat	mentions	BEAST
Yharnam_Hunter_Cap	mentions	BEAST
Ashen_Hunter_Garb	mentions	BEAST
Beast_Hide_Garb	mentions	BEAST
Butcher_Garb	mentions	BEAST
Charred_Hunter_Garb	mentions	BEAST
Constable's_Garb	mentions	BEAST
Crowfeather_Garb	mentions	BEAST
Decorative_Old_Hunter_Garb	mentions	BEAST
Foreign_Garb	mentions	BEAST
Hunter_Garb	mentions	BEAST
Knight's_Garb	mentions	BEAST
White_Church_Garb	mentions	BEAST
Khaki_Haori	mentions	BEAST
Yharnam_Hunter_Garb	mentions	BEAST
Charred_Hunter_Gloves	mentions	BEAST
Crowfeather_Manchettes	mentions	BEAST
Sullied_Bandage	mentions	BEAST
Gascoigne's_Gloves	mentions	BEAST
Hunter_Gloves	mentions	BEAST
Knight's_Gloves	mentions	BEAST
Butcher_Gloves	mentions	BEAST
Bloodied_Arm_Bands	mentions	BEAST
Old_Hunter_Gloves	mentions	BEAST
Charred_Hunter_Trousers	mentions	BEAST
Crowfeather_Trousers	mentions	BEAST
Foreign_Trousers	mentions	BEAST
Gascoigne's_Trousers	mentions	BEAST
Hunter_Trousers	mentions	BEAST
Knight's_Trousers/Dress	mentions	BEAST
White_Church_Trousers/Dress	mentions	BEAST
Yharnam_Hunter_Trousers	mentions	BEAST
Gehrman's_Hunter_Trousers	mentions	BEAST
Butcher_Trousers	mentions	BEAST
Bloodied_Trousers	mentions	BEAST
Constable_Trousers	mentions	BEAST
Decorative_Old_Hunter_Trousers	mentions	BEAST
Old_Hunter_Trousers	mentions	BEAST
Wine_Hakama	mentions	BEAST
Blindfold_Cap	mentions	CLERIC
Bradors_Testimony	mentions	CLERIC
Beast_Hide_Garb	mentions	CLERIC
Choir_Garb	mentions	CLERIC
Gascoigne's_Garb	mentions	CLERIC
Choir_Gloves	mentions	CLERIC
Gascoigne's_Gloves	mentions	CLERIC
Choir_Trousers	mentions	CLERIC
Gascoigne's_Trousers	mentions	CLERIC
Foreign_Garb	mentions	FAR
Foreign_Trousers	mentions	FAR
Henryk's_Hunter_Cap	mentions	GASCOIGNE
Gascoigne's_Garb	mentions	GASCOIGNE
Henryk's_Hunter_Garb	mentions	GASCOIGNE
Gascoigne's_Gloves	mentions	GASCOIGNE
Henryk's_Hunter_Gloves	mentions	GASCOIGNE
Gascoigne's_Trousers	mentions	GASCOIGNE
Henryk's_Hunter_Trousers	mentions	GASCOIGNE
Beak_Mask	mentions	FIRST
Black_Church_Hat	mentions	FIRST
Gehrman's_Hunter_Cap	mentions	FIRST
Harrowed_Hood	mentions	FIRST
Maria_Hunter_Cap	mentions	FIRST
Yharnam_Hunter_Cap	mentions	FIRST
Crowfeather_Garb	mentions	FIRST
Executioner_Garb	mentions	FIRST
Harrowed_Garb	mentions	FIRST
Maria_Hunter_Garb	mentions	FIRST
Noble_Dress	mentions	FIRST
Yharnam_Hunter_Garb	mentions	FIRST
Crowfeather_Manchettes	mentions	FIRST
Constable_Gloves	mentions	FIRST
Harrowed_Gloves	mentions	FIRST
Maria_Hunter_Gloves	mentions	FIRST
Crowfeather_Trousers	mentions	FIRST
Yharnam_Hunter_Trousers	mentions	FIRST
Gehrman's_Hunter_Trousers	mentions	FIRST
Harrowed_Trousers	mentions	FIRST
Maria_Hunter_Trousers	mentions	FIRST
Surgical_Long_Gloves	mentions	HOST
Black_Hood	mentions	NIGHTMARE
Bradors_Testimony	mentions	NIGHTMARE
Butcher_Mask	mentions	NIGHTMARE
Mensis_Cage	mentions	NIGHTMARE
Old_Hunter_Cap	mentions	NIGHTMARE
Butcher_Garb	mentions	NIGHTMARE
Constable's_Garb	mentions	NIGHTMARE
Foreign_Garb	mentions	NIGHTMARE
Sullied_Bandage	mentions	NIGHTMARE
Butcher_Gloves	mentions	NIGHTMARE
Constable_Gloves	mentions	NIGHTMARE
Old_Hunter_Gloves	mentions	NIGHTMARE
Foreign_Trousers	mentions	NIGHTMARE
Butcher_Trousers	mentions	NIGHTMARE
Constable_Trousers	mentions	NIGHTMARE
Old_Hunter_Trousers	mentions	NIGHTMARE
Wine_Hakama	mentions	NIGHTMARE
Crown_Of_Illusions	mentions	MARTYR
Gold_Ardeo	mentions	MARTYR
Executioner_Garb	mentions	MARTYR
Executioner_Gauntlets	mentions	MARTYR
Executioner_Trousers	mentions	MARTYR
Crown_Of_Illusions	mentions	LOGARIUS
Gold_Ardeo	mentions	LOGARIUS
Executioner_Garb	mentions	LOGARIUS
Executioner_Gauntlets	mentions	LOGARIUS
Executioner_Trousers	mentions	LOGARIUS
Bone_Ash_Mask	mentions	ONE
Butcher_Mask	mentions	ONE
Crown_Of_Illusions	mentions	ONE
Doll_Hat	mentions	ONE
Enlarged_Head	mentions	ONE
Gold_Ardeo	mentions	ONE
Graveguard_Mask	mentions	ONE
Harrowed_Hood	mentions	ONE
Hunter_Hat	mentions	ONE
Master's_Iron_Helm	mentions	ONE
Mensis_Cage	mentions	ONE
Tomb_Prospector_Hood	mentions	ONE
Top_Hat	mentions	ONE
White_Church_Hat	mentions	ONE
Beast_Hide_Garb	mentions	ONE
Bone_Ash_Armor	mentions	ONE
Cainhurst_Armor	mentions	ONE
Charred_Hunter_Garb	mentions	ONE
Choir_Garb	mentions	ONE
Constable's_Garb	mentions	ONE
Decorative_Old_Hunter_Garb	mentions	ONE
Doll_Clothes	mentions	ONE
Executioner_Garb	mentions	ONE
Graveguard_Robe	mentions	ONE
Harrowed_Garb	mentions	ONE
Hunter_Garb	mentions	ONE
Student_Uniform(A)	mentions	ONE
Tomb_Prospector_Garb	mentions	ONE
White_Church_Garb	mentions	ONE
Surgical_Long_Gloves	mentions	ONE
Cainhurst_Gauntlets	mentions	ONE
Charred_Hunter_Gloves	mentions	ONE
Executioner_Gauntlets	mentions	ONE
Graveguard_Manchettes	mentions	ONE
Hunter_Gloves	mentions	ONE
Tomb_Prospector_Gloves	mentions	ONE
Harrowed_Gloves	mentions	ONE
Cainhurst_Leggings	mentions	ONE
Charred_Hunter_Trousers	mentions	ONE
Executioner_Trousers	mentions	ONE
Graveguard_Kilt	mentions	ONE
Hunter_Trousers	mentions	ONE
Student_Trousers	mentions	ONE
Tomb_Prospector's_Trousers	mentions	ONE
White_Church_Trousers/Dress	mentions	ONE
Bone_Ash_Leggings	mentions	ONE
Doll_Skirt	mentions	ONE
Arianna's_Shoes	mentions	ONE
Constable_Trousers	mentions	ONE
Harrowed_Trousers	mentions	ONE
Black_Hooded_Iron_Helm	mentions	SHADOW
Beak_Mask	mentions	YHARNAM
Black_Church_Hat	mentions	YHARNAM
Grey_Wolf_Cap	mentions	YHARNAM
Hunter_Hat	mentions	YHARNAM
Yharnam_Hunter_Cap	mentions	YHARNAM
Ashen_Hunter_Garb	mentions	YHARNAM
Black_Church_Garb	mentions	YHARNAM
Charred_Hunter_Garb	mentions	YHARNAM
Crowfeather_Garb	mentions	YHARNAM
Foreign_Garb	mentions	YHARNAM
Henryk's_Hunter_Garb	mentions	YHARNAM
Hunter_Garb	mentions	YHARNAM
Sweaty_Clothes	mentions	YHARNAM
Yharnam_Hunter_Garb	mentions	YHARNAM
Ashen_Hunter_Gloves	mentions	YHARNAM
Charred_Hunter_Gloves	mentions	YHARNAM
Crowfeather_Manchettes	mentions	YHARNAM
Hunter_Gloves	mentions	YHARNAM
Ashen_Hunter_Trousers	mentions	YHARNAM
Black_Church_Trousers/Dress	mentions	YHARNAM
Charred_Hunter_Trousers	mentions	YHARNAM
Crowfeather_Trousers	mentions	YHARNAM
Foreign_Trousers	mentions	YHARNAM
Hunter_Trousers	mentions	YHARNAM
Yharnam_Hunter_Trousers	mentions	YHARNAM
Henryk's_Hunter_Cap	mentions	VICAR
Henryk's_Hunter_Cap	mentions	AMELIA
Arianna's_Shoes	mentions	CELESTIAL
Mensis_Cage	mentions	MOON
Beak_Mask	mentions	ROM
Black_Church_Hat	mentions	ROM
Bone_Ash_Mask	mentions	ROM
Butcher_Mask	mentions	ROM
Crown_Of_Illusions	mentions	ROM
Enlarged_Head	mentions	ROM
Gold_Ardeo	mentions	ROM
Graveguard_Mask	mentions	ROM
Grey_Wolf_Cap	mentions	ROM
Harrowed_Hood	mentions	ROM
Henryk's_Hunter_Cap	mentions	ROM
Hunter_Hat	mentions	ROM
Maria_Hunter_Cap	mentions	ROM
Master's_Iron_Helm	mentions	ROM
Mensis_Cage	mentions	ROM
Tomb_Prospector_Hood	mentions	ROM
Top_Hat	mentions	ROM
Yamamura_Hunter_Hat	mentions	ROM
Yharnam_Hunter_Cap	mentions	ROM
Beast_Hide_Garb	mentions	ROM
Cainhurst_Armor	mentions	ROM
Crowfeather_Garb	mentions	ROM
Foreign_Garb	mentions	ROM
Gascoigne's_Garb	mentions	ROM
Harrowed_Garb	mentions	ROM
Henryk's_Hunter_Garb	mentions	ROM
Knight's_Garb	mentions	ROM
Maria_Hunter_Garb	mentions	ROM
Student_Uniform(A)	mentions	ROM
Tomb_Prospector_Garb	mentions	ROM
Khaki_Haori	mentions	ROM
Yahar'gul_Black_Garb	mentions	ROM
Yharnam_Hunter_Garb	mentions	ROM
Surgical_Long_Gloves	mentions	ROM
Cainhurst_Gauntlets	mentions	ROM
Crowfeather_Manchettes	mentions	ROM
Gascoigne's_Gloves	mentions	ROM
Tomb_Prospector_Gloves	mentions	ROM
Yahar'gul_Black_Gloves	mentions	ROM
Madman_Manchettes	mentions	ROM
Bloodied_Arm_Bands	mentions	ROM
Constable_Gloves	mentions	ROM
Maria_Hunter_Gloves	mentions	ROM
Old_Hunter_Arm_Bands	mentions	ROM
Cainhurst_Leggings	mentions	ROM
Crowfeather_Trousers	mentions	ROM
Foreign_Trousers	mentions	ROM
Gascoigne's_Trousers	mentions	ROM
Student_Trousers	mentions	ROM
Tomb_Prospector's_Trousers	mentions	ROM
Yharnam_Hunter_Trousers	mentions	ROM
Yahar'gul_Black_Trousers	mentions	ROM
Bone_Ash_Leggings	mentions	ROM
Gehrman's_Hunter_Trousers	mentions	ROM
Henryk's_Hunter_Trousers	mentions	ROM
Bloodied_Trousers	mentions	ROM
Maria_Hunter_Trousers	mentions	ROM
Old_Hunter_Trousers	mentions	ROM
Maria_Hunter_Cap	mentions	UNDEAD
Maria_Hunter_Garb	mentions	UNDEAD
Maria_Hunter_Gloves	mentions	UNDEAD
Maria_Hunter_Trousers	mentions	UNDEAD
Butcher_Mask	mentions	GIANT
Graveguard_Mask	mentions	WATCHER
Graveguard_Robe	mentions	WATCHER
Graveguard_Manchettes	mentions	WATCHER
Graveguard_Kilt	mentions	WATCHER
Bone_Ash_Leggings	mentions	LORDS
Bone_Ash_Mask	mentions	SOUL
Crown_Of_Illusions	mentions	SOUL
Gold_Ardeo	mentions	SOUL
Graveguard_Mask	mentions	SOUL
Grey_Wolf_Cap	mentions	SOUL
Madman_Hood	mentions	SOUL
Bone_Ash_Armor	mentions	SOUL
Madman_Garb	mentions	SOUL
Madman_Manchettes	mentions	SOUL
Bone_Ash_Leggings	mentions	SOUL
Madman_Leggings	mentions	SOUL
Bone_Ash_Mask	mentions	KEEPER
Graveguard_Mask	mentions	KEEPER
Bone_Ash_Armor	mentions	KEEPER
Graveguard_Robe	mentions	KEEPER
Graveguard_Manchettes	mentions	KEEPER
Graveguard_Kilt	mentions	KEEPER
Bone_Ash_Leggings	mentions	KEEPER
Bone_Ash_Armor	mentions	PTHUMERIAN
Bone_Ash_Leggings	mentions	PTHUMERIAN
Madman_Manchettes	mentions	FORGOTTEN
Madman_Hood	mentions	MADMAN
Madman_Garb	mentions	MADMAN
Madman_Manchettes	mentions	MADMAN
Madman_Leggings	mentions	MADMAN
Yharnam_Hunter_Cap	mentions	LUDWIG
Yharnam_Hunter_Garb	mentions	LUDWIG
Yharnam_Hunter_Trousers	mentions	LUDWIG
Black_Church_Garb	mentions	HOLY
Executioner_Garb	mentions	HOLY
Gascoigne's_Garb	mentions	HOLY
Executioner_Gauntlets	mentions	HOLY
Executioner_Trousers	mentions	HOLY
Maria_Hunter_Cap	mentions	LADY
Maria_Hunter_Garb	mentions	LADY
Maria_Hunter_Gloves	mentions	LADY
Maria_Hunter_Trousers	mentions	LADY
Maria_Hunter_Cap	mentions	MARIA
Maria_Hunter_Garb	mentions	MARIA
Maria_Hunter_Gloves	mentions	MARIA
Maria_Hunter_Trousers	mentions	MARIA
Maria_Hunter_Cap	mentions	ASTRAL
Choir_Garb	mentions	ASTRAL
Maria_Hunter_Garb	mentions	ASTRAL
Maria_Hunter_Gloves	mentions	ASTRAL
Maria_Hunter_Cap	mentions	CLOCKTOWER
Maria_Hunter_Garb	mentions	CLOCKTOWER
Maria_Hunter_Gloves	mentions	CLOCKTOWER
Butcher_Mask	mentions	CANNON
Grey_Wolf_Cap	mentions	FIST
Black_Church_Hat	mentions	FLAMESPRAYER
Ashen_Hunter_Garb	mentions	GATLING
Ashen_Hunter_Garb	mentions	GUN
Constable's_Garb	mentions	WOODEN
Bone_Ash_Armor	mentions	ARCANE
Charred_Hunter_Gloves	mentions	ARCANE
Bone_Ash_Leggings	mentions	ARCANE
Bradors_Testimony	mentions	DEEP
Doll_Hat	mentions	DEEP
Doll_Clothes	mentions	DEEP
Doll_Skirt	mentions	DEEP
Enlarged_Head	mentions	SEA
White_Church_Hat	mentions	SEA
Yamamura_Hunter_Hat	mentions	SEA
Butcher_Garb	mentions	SEA
Choir_Garb	mentions	SEA
White_Church_Garb	mentions	SEA
Khaki_Haori	mentions	SEA
Butcher_Gloves	mentions	SEA
Old_Hunter_Arm_Bands	mentions	SEA
White_Church_Trousers/Dress	mentions	SEA
Butcher_Trousers	mentions	SEA
Decorative_Old_Hunter_Trousers	mentions	SEA
Black_Hooded_Iron_Helm	mentions	EYE
Blindfold_Cap	mentions	EYE
Master's_Iron_Helm	mentions	EYE
Beast_Hide_Garb	mentions	EYE
Choir_Gloves	mentions	EYE
Choir_Trousers	mentions	EYE
Henryk's_Hunter_Cap	mentions	OEDON
Henryk's_Hunter_Garb	mentions	OEDON
Henryk's_Hunter_Gloves	mentions	OEDON
Bone_Ash_Mask	mentions	GREAT
Gold_Ardeo	mentions	GREAT
Grey_Wolf_Cap	mentions	GREAT
Henryk's_Hunter_Cap	mentions	GREAT
Knight's_Wig	mentions	GREAT
Maria_Hunter_Cap	mentions	GREAT
Mensis_Cage	mentions	GREAT
Tomb_Prospector_Hood	mentions	GREAT
Bone_Ash_Armor	mentions	GREAT
Choir_Garb	mentions	GREAT
Executioner_Garb	mentions	GREAT
Henryk's_Hunter_Garb	mentions	GREAT
Knight's_Garb	mentions	GREAT
Maria_Hunter_Garb	mentions	GREAT
Tomb_Prospector_Garb	mentions	GREAT
Executioner_Gauntlets	mentions	GREAT
Knight's_Gloves	mentions	GREAT
Tomb_Prospector_Gloves	mentions	GREAT
Henryk's_Hunter_Gloves	mentions	GREAT
Maria_Hunter_Gloves	mentions	GREAT
Executioner_Trousers	mentions	GREAT
Knight's_Trousers/Dress	mentions	GREAT
Tomb_Prospector's_Trousers	mentions	GREAT
Bone_Ash_Leggings	mentions	GREAT
Henryk's_Hunter_Trousers	mentions	GREAT
Maria_Hunter_Trousers	mentions	GREAT
Black_Church_Hat	mentions	HEIR
Black_Hooded_Iron_Helm	mentions	HEIR
Blindfold_Cap	mentions	HEIR
Bone_Ash_Mask	mentions	HEIR
Bradors_Testimony	mentions	HEIR
Butcher_Mask	mentions	HEIR
Harrowed_Hood	mentions	HEIR
Henryk's_Hunter_Cap	mentions	HEIR
Mensis_Cage	mentions	HEIR
Old_Hunter_Cap	mentions	HEIR
Black_Church_Garb	mentions	HEIR
Butcher_Garb	mentions	HEIR
Bone_Ash_Armor	mentions	HEIR
Cainhurst_Armor	mentions	HEIR
Constable's_Garb	mentions	HEIR
Harrowed_Garb	mentions	HEIR
Henryk's_Hunter_Garb	mentions	HEIR
Madman_Garb	mentions	HEIR
Surgical_Long_Gloves	mentions	HEIR
Cainhurst_Gauntlets	mentions	HEIR
Choir_Gloves	mentions	HEIR
Henryk's_Hunter_Gloves	mentions	HEIR
Butcher_Gloves	mentions	HEIR
Harrowed_Gloves	mentions	HEIR
Old_Hunter_Gloves	mentions	HEIR
Black_Church_Trousers/Dress	mentions	HEIR
Cainhurst_Leggings	mentions	HEIR
Choir_Trousers	mentions	HEIR
Bone_Ash_Leggings	mentions	HEIR
Henryk's_Hunter_Trousers	mentions	HEIR
Butcher_Trousers	mentions	HEIR
Constable_Trousers	mentions	HEIR
Harrowed_Trousers	mentions	HEIR
Gold_Ardeo	mentions	IMPURITY
Khaki_Haori	mentions	IMPURITY
Wine_Hakama	mentions	IMPURITY
Beak_Mask	mentions	BEAK
Crowfeather_Garb	mentions	BEAK
Crowfeather_Manchettes	mentions	BEAK
Crowfeather_Trousers	mentions	BEAK
Beak_Mask	mentions	MASK
Bone_Ash_Mask	mentions	MASK
Butcher_Mask	mentions	MASK
Graveguard_Mask	mentions	MASK
Crowfeather_Garb	mentions	MASK
Crowfeather_Manchettes	mentions	MASK
Crowfeather_Trousers	mentions	MASK
Black_Church_Hat	mentions	BLACK
Black_Hood	mentions	BLACK
Black_Hooded_Iron_Helm	mentions	BLACK
White_Church_Hat	mentions	BLACK
Black_Church_Garb	mentions	BLACK
White_Church_Garb	mentions	BLACK
Yahar'gul_Black_Garb	mentions	BLACK
Surgical_Long_Gloves	mentions	BLACK
Yahar'gul_Black_Gloves	mentions	BLACK
Black_Church_Trousers/Dress	mentions	BLACK
White_Church_Trousers/Dress	mentions	BLACK
Yahar'gul_Black_Trousers	mentions	BLACK
Beak_Mask	mentions	HAT
Black_Church_Hat	mentions	HAT
Blindfold_Cap	mentions	HAT
Bone_Ash_Mask	mentions	HAT
Bradors_Testimony	mentions	HAT
Crown_Of_Illusions	mentions	HAT
Doll_Hat	mentions	HAT
Enlarged_Head	mentions	HAT
Grey_Wolf_Cap	mentions	HAT
Harrowed_Hood	mentions	HAT
Henryk's_Hunter_Cap	mentions	HAT
Hunter_Hat	mentions	HAT
Knight's_Wig	mentions	HAT
Master's_Iron_Helm	mentions	HAT
Mensis_Cage	mentions	HAT
Old_Hunter_Cap	mentions	HAT
Top_Hat	mentions	HAT
White_Church_Hat	mentions	HAT
Yamamura_Hunter_Hat	mentions	HAT
Beast_Hide_Garb	mentions	HAT
Black_Church_Garb	mentions	HAT
Bone_Ash_Armor	mentions	HAT
Cainhurst_Armor	mentions	HAT
Charred_Hunter_Garb	mentions	HAT
Choir_Garb	mentions	HAT
Constable's_Garb	mentions	HAT
Crowfeather_Garb	mentions	HAT
Decorative_Old_Hunter_Garb	mentions	HAT
Harrowed_Garb	mentions	HAT
Hunter_Garb	mentions	HAT
Knight's_Garb	mentions	HAT
Madman_Garb	mentions	HAT
Noble_Dress	mentions	HAT
Surgical_Long_Gloves	mentions	HAT
Cainhurst_Gauntlets	mentions	HAT
Charred_Hunter_Gloves	mentions	HAT
Choir_Gloves	mentions	HAT
Crowfeather_Manchettes	mentions	HAT
Gascoigne's_Gloves	mentions	HAT
Hunter_Gloves	mentions	HAT
Knight's_Gloves	mentions	HAT
Bloodied_Arm_Bands	mentions	HAT
Harrowed_Gloves	mentions	HAT
Old_Hunter_Gloves	mentions	HAT
Old_Hunter_Arm_Bands	mentions	HAT
Black_Church_Trousers/Dress	mentions	HAT
Cainhurst_Leggings	mentions	HAT
Charred_Hunter_Trousers	mentions	HAT
Choir_Trousers	mentions	HAT
Crowfeather_Trousers	mentions	HAT
Gascoigne's_Trousers	mentions	HAT
Hunter_Trousers	mentions	HAT
Knight's_Trousers/Dress	mentions	HAT
Bone_Ash_Leggings	mentions	HAT
Bloodied_Trousers	mentions	HAT
Constable_Trousers	mentions	HAT
Decorative_Old_Hunter_Trousers	mentions	HAT
Harrowed_Trousers	mentions	HAT
Old_Hunter_Trousers	mentions	HAT
Black_Hood	mentions	HOOD
Black_Hooded_Iron_Helm	mentions	HOOD
Harrowed_Hood	mentions	HOOD
Iron_Yahar'gul_Helm	mentions	HOOD
Madman_Hood	mentions	HOOD
Tomb_Prospector_Hood	mentions	HOOD
Ashen_Hunter_Garb	mentions	HOOD
Black_Hooded_Iron_Helm	mentions	HOODED
Black_Hooded_Iron_Helm	mentions	IRON
Iron_Yahar'gul_Helm	mentions	IRON
Master's_Iron_Helm	mentions	IRON
Mensis_Cage	mentions	IRON
Black_Hooded_Iron_Helm	mentions	HELM
Gold_Ardeo	mentions	HELM
Iron_Yahar'gul_Helm	mentions	HELM
Master's_Iron_Helm	mentions	HELM
Constable's_Garb	mentions	HELM
Blindfold_Cap	mentions	BLINDFOLD
Blindfold_Cap	mentions	CAP
Gehrman's_Hunter_Cap	mentions	CAP
Grey_Wolf_Cap	mentions	CAP
Henryk's_Hunter_Cap	mentions	CAP
Hunter_Hat	mentions	CAP
Maria_Hunter_Cap	mentions	CAP
Old_Hunter_Cap	mentions	CAP
Yharnam_Hunter_Cap	mentions	CAP
Cainhurst_Armor	mentions	CAP
Charred_Hunter_Garb	mentions	CAP
Crowfeather_Garb	mentions	CAP
Hunter_Garb	mentions	CAP
Student_Uniform(A)	mentions	CAP
Surgical_Long_Gloves	mentions	CAP
Cainhurst_Gauntlets	mentions	CAP
Cainhurst_Leggings	mentions	CAP
Bone_Ash_Mask	mentions	BONE
Bone_Ash_Armor	mentions	BONE
Bone_Ash_Leggings	mentions	BONE
Bone_Ash_Mask	mentions	ASH
Grey_Wolf_Cap	mentions	ASH
Hunter_Hat	mentions	ASH
Ashen_Hunter_Garb	mentions	ASH
Bone_Ash_Armor	mentions	ASH
Charred_Hunter_Garb	mentions	ASH
Crowfeather_Garb	mentions	ASH
Hunter_Garb	mentions	ASH
Ashen_Hunter_Gloves	mentions	ASH
Charred_Hunter_Gloves	mentions	ASH
Hunter_Gloves	mentions	ASH
Ashen_Hunter_Trousers	mentions	ASH
Charred_Hunter_Trousers	mentions	ASH
Hunter_Trousers	mentions	ASH
Bone_Ash_Leggings	mentions	ASH
Bradors_Testimony	mentions	TESTIMONY
Butcher_Mask	mentions	BUTCHER
Butcher_Garb	mentions	BUTCHER
Butcher_Gloves	mentions	BUTCHER
Butcher_Trousers	mentions	BUTCHER
Crown_Of_Illusions	mentions	CROWN
Crown_Of_Illusions	mentions	ILLUSIONS
Enlarged_Head	mentions	ENLARGED
Beak_Mask	mentions	HEAD
Black_Church_Hat	mentions	HEAD
Black_Hood	mentions	HEAD
Black_Hooded_Iron_Helm	mentions	HEAD
Blindfold_Cap	mentions	HEAD
Bone_Ash_Mask	mentions	HEAD
Bradors_Testimony	mentions	HEAD
Butcher_Mask	mentions	HEAD
Crown_Of_Illusions	mentions	HEAD
Doll_Hat	mentions	HEAD
Enlarged_Head	mentions	HEAD
Gehrman's_Hunter_Cap	mentions	HEAD
Gold_Ardeo	mentions	HEAD
Graveguard_Mask	mentions	HEAD
Grey_Wolf_Cap	mentions	HEAD
Harrowed_Hood	mentions	HEAD
Henryk's_Hunter_Cap	mentions	HEAD
Hunter_Hat	mentions	HEAD
Iron_Yahar'gul_Helm	mentions	HEAD
Knight's_Wig	mentions	HEAD
Madman_Hood	mentions	HEAD
Maria_Hunter_Cap	mentions	HEAD
Master's_Iron_Helm	mentions	HEAD
Mensis_Cage	mentions	HEAD
Old_Hunter_Cap	mentions	HEAD
Tomb_Prospector_Hood	mentions	HEAD
Top_Hat	mentions	HEAD
White_Church_Hat	mentions	HEAD
Yamamura_Hunter_Hat	mentions	HEAD
Yharnam_Hunter_Cap	mentions	HEAD
Crowfeather_Garb	mentions	HEAD
Constable_Gloves	mentions	HEAD
Gold_Ardeo	mentions	GOLD
Knight's_Garb	mentions	GOLD
Knight's_Gloves	mentions	GOLD
Knight's_Trousers/Dress	mentions	GOLD
Gold_Ardeo	mentions	ARDEO
Graveguard_Mask	mentions	GRAVEGUARD
Graveguard_Robe	mentions	GRAVEGUARD
Graveguard_Manchettes	mentions	GRAVEGUARD
Graveguard_Kilt	mentions	GRAVEGUARD
Grey_Wolf_Cap	mentions	GREY
Grey_Wolf_Cap	mentions	WOLF
Henryk's_Hunter_Cap	mentions	HENRYK
Henryk's_Hunter_Garb	mentions	HENRYK
Henryk's_Hunter_Gloves	mentions	HENRYK
Henryk's_Hunter_Trousers	mentions	HENRYK
Black_Hooded_Iron_Helm	mentions	YAHAR'GUL
Iron_Yahar'gul_Helm	mentions	YAHAR'GUL
Yahar'gul_Black_Garb	mentions	YAHAR'GUL
Yahar'gul_Black_Gloves	mentions	YAHAR'GUL
Yahar'gul_Black_Trousers	mentions	YAHAR'GUL
Knight's_Wig	mentions	KNIGHT
Knight's_Garb	mentions	KNIGHT
Knight's_Gloves	mentions	KNIGHT
Knight's_Trousers/Dress	mentions	KNIGHT
Knight's_Wig	mentions	WIG
Yharnam_Hunter_Cap	mentions	WIG
Knight's_Garb	mentions	WIG
Yharnam_Hunter_Garb	mentions	WIG
Yharnam_Hunter_Trousers	mentions	WIG
Blindfold_Cap	mentions	MASTER
Master's_Iron_Helm	mentions	MASTER
Student_Uniform(A)	mentions	MASTER
Choir_Gloves	mentions	MASTER
Choir_Trousers	mentions	MASTER
Student_Trousers	mentions	MASTER
Black_Hooded_Iron_Helm	mentions	MENSIS
Mensis_Cage	mentions	MENSIS
Yahar'gul_Black_Garb	mentions	MENSIS
Yahar'gul_Black_Gloves	mentions	MENSIS
Yahar'gul_Black_Trousers	mentions	MENSIS
Mensis_Cage	mentions	CAGE
Henryk's_Hunter_Cap	mentions	TOMB
Madman_Hood	mentions	TOMB
Tomb_Prospector_Hood	mentions	TOMB
Henryk's_Hunter_Garb	mentions	TOMB
Madman_Garb	mentions	TOMB
Tomb_Prospector_Garb	mentions	TOMB
Tomb_Prospector_Gloves	mentions	TOMB
Madman_Manchettes	mentions	TOMB
Henryk's_Hunter_Gloves	mentions	TOMB
Tomb_Prospector's_Trousers	mentions	TOMB
Madman_Leggings	mentions	TOMB
Madman_Hood	mentions	PROSPECTOR
Tomb_Prospector_Hood	mentions	PROSPECTOR
Madman_Garb	mentions	PROSPECTOR
Tomb_Prospector_Garb	mentions	PROSPECTOR
Tomb_Prospector_Gloves	mentions	PROSPECTOR
Madman_Manchettes	mentions	PROSPECTOR
Tomb_Prospector's_Trousers	mentions	PROSPECTOR
Madman_Leggings	mentions	PROSPECTOR
Knight's_Wig	mentions	TOP
Top_Hat	mentions	TOP
White_Church_Hat	mentions	WHITE
Bone_Ash_Armor	mentions	WHITE
White_Church_Garb	mentions	WHITE
Surgical_Long_Gloves	mentions	WHITE
White_Church_Trousers/Dress	mentions	WHITE
Bone_Ash_Leggings	mentions	WHITE
Yamamura_Hunter_Hat	mentions	YAMAMURA
Khaki_Haori	mentions	YAMAMURA
Old_Hunter_Arm_Bands	mentions	YAMAMURA
Wine_Hakama	mentions	YAMAMURA
Bone_Ash_Mask	mentions	ASHEN
Grey_Wolf_Cap	mentions	ASHEN
Ashen_Hunter_Garb	mentions	ASHEN
Bone_Ash_Armor	mentions	ASHEN
Crowfeather_Garb	mentions	ASHEN
Ashen_Hunter_Gloves	mentions	ASHEN
Charred_Hunter_Gloves	mentions	ASHEN
Ashen_Hunter_Trousers	mentions	ASHEN
Bone_Ash_Leggings	mentions	ASHEN
Black_Hooded_Iron_Helm	mentions	GARB
Gehrman's_Hunter_Cap	mentions	GARB
Harrowed_Hood	mentions	GARB
Henryk's_Hunter_Cap	mentions	GARB
Iron_Yahar'gul_Helm	mentions	GARB
Old_Hunter_Cap	mentions	GARB
Ashen_Hunter_Garb	mentions	GARB
Beast_Hide_Garb	mentions	GARB
Black_Church_Garb	mentions	GARB
Butcher_Garb	mentions	GARB
Charred_Hunter_Garb	mentions	GARB
Choir_Garb	mentions	GARB
Constable's_Garb	mentions	GARB
Crowfeather_Garb	mentions	GARB
Decorative_Old_Hunter_Garb	mentions	GARB
Executioner_Garb	mentions	GARB
Foreign_Garb	mentions	GARB
Gascoigne's_Garb	mentions	GARB
Harrowed_Garb	mentions	GARB
Henryk's_Hunter_Garb	mentions	GARB
Hunter_Garb	mentions	GARB
Knight's_Garb	mentions	GARB
Madman_Garb	mentions	GARB
Maria_Hunter_Garb	mentions	GARB
Noble_Dress	mentions	GARB
Tomb_Prospector_Garb	mentions	GARB
White_Church_Garb	mentions	GARB
Khaki_Haori	mentions	GARB
Yahar'gul_Black_Garb	mentions	GARB
Yharnam_Hunter_Garb	mentions	GARB
Gascoigne's_Gloves	mentions	GARB
Henryk's_Hunter_Gloves	mentions	GARB
Gascoigne's_Trousers	mentions	GARB
Gehrman's_Hunter_Trousers	mentions	GARB
Henryk's_Hunter_Trousers	mentions	GARB
Decorative_Old_Hunter_Trousers	mentions	GARB
Wine_Hakama	mentions	GARB
Crown_Of_Illusions	mentions	HIDE
Old_Hunter_Cap	mentions	HIDE
Tomb_Prospector_Hood	mentions	HIDE
Beast_Hide_Garb	mentions	HIDE
Tomb_Prospector_Garb	mentions	HIDE
Tomb_Prospector_Gloves	mentions	HIDE
Bloodied_Arm_Bands	mentions	HIDE
Tomb_Prospector's_Trousers	mentions	HIDE
Bloodied_Trousers	mentions	HIDE
Beak_Mask	mentions	ARMOR
Black_Church_Hat	mentions	ARMOR
Black_Hood	mentions	ARMOR
Black_Hooded_Iron_Helm	mentions	ARMOR
Blindfold_Cap	mentions	ARMOR
Bradors_Testimony	mentions	ARMOR
Butcher_Mask	mentions	ARMOR
Crown_Of_Illusions	mentions	ARMOR
Doll_Hat	mentions	ARMOR
Enlarged_Head	mentions	ARMOR
Gehrman's_Hunter_Cap	mentions	ARMOR
Gold_Ardeo	mentions	ARMOR
Graveguard_Mask	mentions	ARMOR
Grey_Wolf_Cap	mentions	ARMOR
Harrowed_Hood	mentions	ARMOR
Henryk's_Hunter_Cap	mentions	ARMOR
Hunter_Hat	mentions	ARMOR
Iron_Yahar'gul_Helm	mentions	ARMOR
Knight's_Wig	mentions	ARMOR
Madman_Hood	mentions	ARMOR
Maria_Hunter_Cap	mentions	ARMOR
Master's_Iron_Helm	mentions	ARMOR
Mensis_Cage	mentions	ARMOR
Old_Hunter_Cap	mentions	ARMOR
Tomb_Prospector_Hood	mentions	ARMOR
Top_Hat	mentions	ARMOR
White_Church_Hat	mentions	ARMOR
Yamamura_Hunter_Hat	mentions	ARMOR
Yharnam_Hunter_Cap	mentions	ARMOR
Ashen_Hunter_Garb	mentions	ARMOR
Beast_Hide_Garb	mentions	ARMOR
Black_Church_Garb	mentions	ARMOR
Butcher_Garb	mentions	ARMOR
Bone_Ash_Armor	mentions	ARMOR
Cainhurst_Armor	mentions	ARMOR
Charred_Hunter_Garb	mentions	ARMOR
Constable's_Garb	mentions	ARMOR
Cainhurst_Gauntlets	mentions	ARMOR
Cainhurst_Leggings	mentions	ARMOR
Bone_Ash_Leggings	mentions	ARMOR
Crown_Of_Illusions	mentions	CAINHURST
Knight's_Wig	mentions	CAINHURST
Maria_Hunter_Cap	mentions	CAINHURST
Cainhurst_Armor	mentions	CAINHURST
Executioner_Garb	mentions	CAINHURST
Knight's_Garb	mentions	CAINHURST
Maria_Hunter_Garb	mentions	CAINHURST
Noble_Dress	mentions	CAINHURST
Cainhurst_Gauntlets	mentions	CAINHURST
Executioner_Gauntlets	mentions	CAINHURST
Knight's_Gloves	mentions	CAINHURST
Maria_Hunter_Gloves	mentions	CAINHURST
Cainhurst_Leggings	mentions	CAINHURST
Executioner_Trousers	mentions	CAINHURST
Knight's_Trousers/Dress	mentions	CAINHURST
Maria_Hunter_Trousers	mentions	CAINHURST
Charred_Hunter_Garb	mentions	CHARRED
Charred_Hunter_Gloves	mentions	CHARRED
Charred_Hunter_Trousers	mentions	CHARRED
Blindfold_Cap	mentions	CHOIR
Choir_Garb	mentions	CHOIR
Choir_Gloves	mentions	CHOIR
Choir_Trousers	mentions	CHOIR
Constable's_Garb	mentions	CONSTABLE
Constable_Gloves	mentions	CONSTABLE
Constable_Trousers	mentions	CONSTABLE
Decorative_Old_Hunter_Garb	mentions	DECORATIVE
Decorative_Old_Hunter_Trousers	mentions	DECORATIVE
Gold_Ardeo	mentions	EXECUTIONER
Executioner_Garb	mentions	EXECUTIONER
Executioner_Gauntlets	mentions	EXECUTIONER
Executioner_Trousers	mentions	EXECUTIONER
Beak_Mask	mentions	FOREIGN
Black_Hood	mentions	FOREIGN
Beast_Hide_Garb	mentions	FOREIGN
Constable's_Garb	mentions	FOREIGN
Crowfeather_Garb	mentions	FOREIGN
Foreign_Garb	mentions	FOREIGN
Gascoigne's_Garb	mentions	FOREIGN
Crowfeather_Manchettes	mentions	FOREIGN
Gascoigne's_Gloves	mentions	FOREIGN
Crowfeather_Trousers	mentions	FOREIGN
Foreign_Trousers	mentions	FOREIGN
Gascoigne's_Trousers	mentions	FOREIGN
Constable_Trousers	mentions	FOREIGN
Graveguard_Robe	mentions	ROBE
Noble_Dress	mentions	NOBLE
Beak_Mask	mentions	DRESS
Doll_Hat	mentions	DRESS
Gold_Ardeo	mentions	DRESS
Crowfeather_Garb	mentions	DRESS
Doll_Clothes	mentions	DRESS
Noble_Dress	mentions	DRESS
Crowfeather_Manchettes	mentions	DRESS
Black_Church_Trousers/Dress	mentions	DRESS
Crowfeather_Trousers	mentions	DRESS
Knight's_Trousers/Dress	mentions	DRESS
White_Church_Trousers/Dress	mentions	DRESS
Doll_Skirt	mentions	DRESS
Sweaty_Clothes	mentions	SWEATY
Maria_Hunter_Cap	mentions	STUDENT
Maria_Hunter_Garb	mentions	STUDENT
Student_Uniform(A)	mentions	STUDENT
Maria_Hunter_Gloves	mentions	STUDENT
Student_Trousers	mentions	STUDENT
Maria_Hunter_Trousers	mentions	STUDENT
Khaki_Haori	mentions	KHAKI
Khaki_Haori	mentions	HAORI
Knight's_Garb	mentions	GLOVES
Ashen_Hunter_Gloves	mentions	GLOVES
Surgical_Long_Gloves	mentions	GLOVES
Choir_Gloves	mentions	GLOVES
Gascoigne's_Gloves	mentions	GLOVES
Hunter_Gloves	mentions	GLOVES
Knight's_Gloves	mentions	GLOVES
Tomb_Prospector_Gloves	mentions	GLOVES
Yahar'gul_Black_Gloves	mentions	GLOVES
Henryk's_Hunter_Gloves	mentions	GLOVES
Butcher_Gloves	mentions	GLOVES
Constable_Gloves	mentions	GLOVES
Harrowed_Gloves	mentions	GLOVES
Maria_Hunter_Gloves	mentions	GLOVES
Old_Hunter_Gloves	mentions	GLOVES
Surgical_Long_Gloves	mentions	SURGICAL
Bone_Ash_Mask	mentions	LONG
Butcher_Mask	mentions	LONG
Henryk's_Hunter_Cap	mentions	LONG
Master's_Iron_Helm	mentions	LONG
Butcher_Garb	mentions	LONG
Henryk's_Hunter_Garb	mentions	LONG
Hunter_Garb	mentions	LONG
Surgical_Long_Gloves	mentions	LONG
Charred_Hunter_Gloves	mentions	LONG
Sullied_Bandage	mentions	LONG
Henryk's_Hunter_Gloves	mentions	LONG
Butcher_Gloves	mentions	LONG
Henryk's_Hunter_Trousers	mentions	LONG
Butcher_Trousers	mentions	LONG
Cainhurst_Gauntlets	mentions	GAUNTLETS
Executioner_Gauntlets	mentions	GAUNTLETS
Old_Hunter_Gloves	mentions	GAUNTLETS
Crowfeather_Manchettes	mentions	MANCHETTES
Graveguard_Manchettes	mentions	MANCHETTES
Madman_Manchettes	mentions	MANCHETTES
Sullied_Bandage	mentions	SULLIED
Beast_Hide_Garb	mentions	BLOODIED
Bloodied_Arm_Bands	mentions	BLOODIED
Bloodied_Trousers	mentions	BLOODIED
Beak_Mask	mentions	ARM
Black_Church_Hat	mentions	ARM
Black_Hood	mentions	ARM
Black_Hooded_Iron_Helm	mentions	ARM
Blindfold_Cap	mentions	ARM
Bradors_Testimony	mentions	ARM
Butcher_Mask	mentions	ARM
Crown_Of_Illusions	mentions	ARM
Doll_Hat	mentions	ARM
Enlarged_Head	mentions	ARM
Gehrman's_Hunter_Cap	mentions	ARM
Gold_Ardeo	mentions	ARM
Graveguard_Mask	mentions	ARM
Grey_Wolf_Cap	mentions	ARM
Harrowed_Hood	mentions	ARM
Henryk's_Hunter_Cap	mentions	ARM
Hunter_Hat	mentions	ARM
Iron_Yahar'gul_Helm	mentions	ARM
Knight's_Wig	mentions	ARM
Madman_Hood	mentions	ARM
Maria_Hunter_Cap	mentions	ARM
Master's_Iron_Helm	mentions	ARM
Mensis_Cage	mentions	ARM
Old_Hunter_Cap	mentions	ARM
Tomb_Prospector_Hood	mentions	ARM
Top_Hat	mentions	ARM
White_Church_Hat	mentions	ARM
Yamamura_Hunter_Hat	mentions	ARM
Yharnam_Hunter_Cap	mentions	ARM
Ashen_Hunter_Garb	mentions	ARM
Beast_Hide_Garb	mentions	ARM
Black_Church_Garb	mentions	ARM
Butcher_Garb	mentions	ARM
Bone_Ash_Armor	mentions	ARM
Cainhurst_Armor	mentions	ARM
Charred_Hunter_Garb	mentions	ARM
Constable's_Garb	mentions	ARM
Doll_Clothes	mentions	ARM
Madman_Garb	mentions	ARM
Cainhurst_Gauntlets	mentions	ARM
Bloodied_Arm_Bands	mentions	ARM
Old_Hunter_Arm_Bands	mentions	ARM
Cainhurst_Leggings	mentions	ARM
Bone_Ash_Leggings	mentions	ARM
Doll_Skirt	mentions	ARM
Ashen_Hunter_Trousers	mentions	TROUSERS
Black_Church_Trousers/Dress	mentions	TROUSERS
Charred_Hunter_Trousers	mentions	TROUSERS
Choir_Trousers	mentions	TROUSERS
Crowfeather_Trousers	mentions	TROUSERS
Executioner_Trousers	mentions	TROUSERS
Foreign_Trousers	mentions	TROUSERS
Gascoigne's_Trousers	mentions	TROUSERS
Hunter_Trousers	mentions	TROUSERS
Knight's_Trousers/Dress	mentions	TROUSERS
Student_Trousers	mentions	TROUSERS
Tomb_Prospector's_Trousers	mentions	TROUSERS
White_Church_Trousers/Dress	mentions	TROUSERS
Yharnam_Hunter_Trousers	mentions	TROUSERS
Yahar'gul_Black_Trousers	mentions	TROUSERS
Gehrman's_Hunter_Trousers	mentions	TROUSERS
Henryk's_Hunter_Trousers	mentions	TROUSERS
Butcher_Trousers	mentions	TROUSERS
Bloodied_Trousers	mentions	TROUSERS
Constable_Trousers	mentions	TROUSERS
Decorative_Old_Hunter_Trousers	mentions	TROUSERS
Harrowed_Trousers	mentions	TROUSERS
Maria_Hunter_Trousers	mentions	TROUSERS
Old_Hunter_Trousers	mentions	TROUSERS
Black_Church_Trousers/Dress	mentions	TROUSERS/DRESS
Knight's_Trousers/Dress	mentions	TROUSERS/DRESS
White_Church_Trousers/Dress	mentions	TROUSERS/DRESS
Cainhurst_Leggings	mentions	LEGGINGS
Bone_Ash_Leggings	mentions	LEGGINGS
Madman_Leggings	mentions	LEGGINGS
Graveguard_Kilt	mentions	KILT
Doll_Skirt	mentions	SKIRT
Arianna's_Shoes	mentions	SHOES
Wine_Hakama	mentions	WINE
Wine_Hakama	mentions	HAKAMA
